env_id,H,W,density,planner,method,perturbation,kmax,kendall_tau,jaccard_topk,cose_jaccard,calls_base,time_base,calls_pert,time_pert
1,30,30,0.2,a_star,shap,jitter,5,1.0,1.0,,1200,1.1584254931658506,500,1.6156077701598406
1,30,30,0.2,a_star,lime,jitter,5,-0.4444444444444444,0.1111111111111111,,500,0.4161683330312371,250,0.9105943101458251
1,30,30,0.2,a_star,rand,jitter,5,0.05555555555555555,0.25,,0,0.00023355195298790932,0,0.00013833818957209587
1,30,30,0.2,a_star,geodesic,jitter,5,0.8888888888888888,1.0,,0,0.0007461453787982464,0,0.0006906129419803619
1,30,30,0.2,a_star,cose,jitter,,,,0.0,3,0.008696530014276505,1,0.0035877381451427937
1,30,30,0.2,a_star,shap,dilate,5,1.0,0.8,,1200,1.1584254931658506,250,0.34344330662861466
1,30,30,0.2,a_star,lime,dilate,5,0.6666666666666666,0.5,,500,0.4161683330312371,250,0.32466013729572296
1,30,30,0.2,a_star,rand,dilate,5,-0.6666666666666666,0.2857142857142857,,0,0.00023355195298790932,0,9.766314178705215e-05
1,30,30,0.2,a_star,geodesic,dilate,5,0.6666666666666666,0.2857142857142857,,0,0.0007461453787982464,0,0.0006325677968561649
1,30,30,0.2,a_star,cose,dilate,,,,1.0,3,0.008696530014276505,3,0.017668758053332567
1,30,30,0.2,a_star,shap,erode,5,1.0,1.0,,1200,1.1584254931658506,600,0.8549908879213035
1,30,30,0.2,a_star,lime,erode,5,-0.16363636363636364,0.25,,500,0.4161683330312371,250,0.4037619777955115
1,30,30,0.2,a_star,rand,erode,5,-0.09090909090909091,0.1111111111111111,,0,0.00023355195298790932,0,0.0001231948845088482
1,30,30,0.2,a_star,geodesic,erode,5,0.38181818181818183,0.6666666666666666,,0,0.0007461453787982464,0,0.0006934544071555138
1,30,30,0.2,a_star,cose,erode,,,,0.0,3,0.008696530014276505,1,0.0018681171350181103
1,30,30,0.2,a_star,shap,distractors,5,1.0,1.0,,1200,1.1584254931658506,700,0.5881342482753098
1,30,30,0.2,a_star,lime,distractors,5,0.16363636363636364,0.25,,500,0.4161683330312371,250,0.1772992038168013
1,30,30,0.2,a_star,rand,distractors,5,-0.23636363636363636,0.25,,0,0.00023355195298790932,0,0.00010032998397946358
1,30,30,0.2,a_star,geodesic,distractors,5,-0.16363636363636364,0.1111111111111111,,0,0.0007461453787982464,0,0.0007121157832443714
1,30,30,0.2,a_star,cose,distractors,,,,1.0,3,0.008696530014276505,3,0.00852101482450962
1,30,30,0.2,dijkstra,shap,jitter,5,1.0,1.0,,1200,8.453002308029681,600,8.595960124861449
1,30,30,0.2,dijkstra,lime,jitter,5,-0.09090909090909091,0.25,,500,1.9803691431879997,250,3.3966953279450536
1,30,30,0.2,dijkstra,rand,jitter,5,-0.09090909090909091,0.42857142857142855,,0,0.00012156181037425995,0,0.00012540211901068687
1,30,30,0.2,dijkstra,geodesic,jitter,5,0.5636363636363636,0.6666666666666666,,0,0.0007009785622358322,0,0.0006963652558624744
1,30,30,0.2,dijkstra,cose,jitter,,,,0.0,3,0.037502698600292206,1,0.012244509998708963
1,30,30,0.2,dijkstra,shap,dilate,5,1.0,0.8,,1200,8.453002308029681,250,1.6851844522170722
1,30,30,0.2,dijkstra,lime,dilate,5,0.6666666666666666,0.5,,500,1.9803691431879997,250,0.9114656588062644
1,30,30,0.2,dijkstra,rand,dilate,5,-0.3333333333333333,0.5,,0,0.00012156181037425995,0,0.00010801013559103012
1,30,30,0.2,dijkstra,geodesic,dilate,5,0.6666666666666666,0.2857142857142857,,0,0.0007009785622358322,0,0.0006213043816387653
1,30,30,0.2,dijkstra,cose,dilate,,,,1.0,3,0.037502698600292206,3,0.024503535125404596
1,30,30,0.2,dijkstra,shap,erode,5,1.0,1.0,,1200,8.453002308029681,600,9.175387350842357
1,30,30,0.2,dijkstra,lime,erode,5,0.23636363636363636,0.42857142857142855,,500,1.9803691431879997,250,3.517205698415637
1,30,30,0.2,dijkstra,rand,erode,5,0.12727272727272726,0.6666666666666666,,0,0.00012156181037425995,0,0.00012164516374468803
1,30,30,0.2,dijkstra,geodesic,erode,5,0.38181818181818183,0.6666666666666666,,0,0.0007009785622358322,0,0.0005694660358130932
1,30,30,0.2,dijkstra,cose,erode,,,,0.0,3,0.037502698600292206,1,0.014054467901587486
1,30,30,0.2,dijkstra,shap,distractors,5,1.0,1.0,,1200,8.453002308029681,650,4.9344246299006045
1,30,30,0.2,dijkstra,lime,distractors,5,0.16363636363636364,0.42857142857142855,,500,1.9803691431879997,250,0.9239433240145445
1,30,30,0.2,dijkstra,rand,distractors,5,0.38181818181818183,0.42857142857142855,,0,0.00012156181037425995,0,0.00011348770931363106
1,30,30,0.2,dijkstra,geodesic,distractors,5,0.8181818181818182,1.0,,0,0.0007009785622358322,0,0.0005879639647901058
1,30,30,0.2,dijkstra,cose,distractors,,,,1.0,3,0.037502698600292206,3,0.03475513681769371
1,30,30,0.2,bfs,shap,jitter,5,1.0,1.0,,1200,6.904415179044008,600,6.196481683757156
1,30,30,0.2,bfs,lime,jitter,5,-0.2727272727272727,0.25,,500,1.3436746359802783,250,2.4835376259870827
1,30,30,0.2,bfs,rand,jitter,5,0.16363636363636364,0.42857142857142855,,0,0.00010582199320197105,0,0.00011282786726951599
1,30,30,0.2,bfs,geodesic,jitter,5,0.6727272727272727,0.42857142857142855,,0,0.0005712932907044888,0,0.0005994858220219612
1,30,30,0.2,bfs,cose,jitter,,,,0.0,3,0.028252669610083103,1,0.009481085930019617
1,30,30,0.2,bfs,shap,dilate,5,1.0,0.8,,1200,6.904415179044008,250,1.1307379798963666
1,30,30,0.2,bfs,lime,dilate,5,0.6666666666666666,0.125,,500,1.3436746359802783,250,0.6540096779353917
1,30,30,0.2,bfs,rand,dilate,5,-0.6666666666666666,0.2857142857142857,,0,0.00010582199320197105,0,0.00010085571557283401
1,30,30,0.2,bfs,geodesic,dilate,5,0.6666666666666666,0.2857142857142857,,0,0.0005712932907044888,0,0.0005327248945832253
1,30,30,0.2,bfs,cose,dilate,,,,1.0,3,0.028252669610083103,3,0.020859336014837027
1,30,30,0.2,bfs,shap,erode,5,1.0,1.0,,1200,6.904415179044008,600,6.750800943933427
1,30,30,0.2,bfs,lime,erode,5,-0.01818181818181818,0.25,,500,1.3436746359802783,250,2.76188146090135
1,30,30,0.2,bfs,rand,erode,5,0.3090909090909091,0.42857142857142855,,0,0.00010582199320197105,0,0.00011383090168237686
1,30,30,0.2,bfs,geodesic,erode,5,0.38181818181818183,0.6666666666666666,,0,0.0005712932907044888,0,0.000592903234064579
1,30,30,0.2,bfs,cose,erode,,,,0.0,3,0.028252669610083103,1,0.011320939753204584
1,30,30,0.2,bfs,shap,distractors,5,1.0,1.0,,1200,6.904415179044008,700,3.7289629229344428
1,30,30,0.2,bfs,lime,distractors,5,0.4909090909090909,0.42857142857142855,,500,1.3436746359802783,250,0.7591372448951006
1,30,30,0.2,bfs,rand,distractors,5,-0.23636363636363636,0.1111111111111111,,0,0.00010582199320197105,0,0.00010876590386033058
1,30,30,0.2,bfs,geodesic,distractors,5,0.7090909090909091,0.6666666666666666,,0,0.0005712932907044888,0,0.000610120128840208
1,30,30,0.2,bfs,cose,distractors,,,,1.0,3,0.028252669610083103,3,0.02800779789686203
1,30,30,0.2,dfs,shap,jitter,5,1.0,1.0,,1200,0.36862393468618393,500,0.26329196989536285
1,30,30,0.2,dfs,lime,jitter,5,-0.1111111111111111,0.6666666666666666,,500,0.08651784062385559,250,0.13385933125391603
1,30,30,0.2,dfs,rand,jitter,5,0.05555555555555555,0.42857142857142855,,0,8.79121944308281e-05,0,9.658932685852051e-05
1,30,30,0.2,dfs,geodesic,jitter,5,0.6111111111111112,0.42857142857142855,,0,0.0005700038745999336,0,0.0005398411303758621
1,30,30,0.2,dfs,cose,jitter,,,,0.0,3,0.0016920207999646664,1,0.0005630017258226871
1,30,30,0.2,dfs,shap,dilate,5,1.0,0.8,,1200,0.36862393468618393,250,0.0756765897385776
1,30,30,0.2,dfs,lime,dilate,5,0.3333333333333333,0.2857142857142857,,500,0.08651784062385559,250,0.06697191903367639
1,30,30,0.2,dfs,rand,dilate,5,1.0,0.2857142857142857,,0,8.79121944308281e-05,0,8.36830586194992e-05
1,30,30,0.2,dfs,geodesic,dilate,5,0.6666666666666666,0.2857142857142857,,0,0.0005700038745999336,0,0.0005043037235736847
1,30,30,0.2,dfs,cose,dilate,,,,1.0,3,0.0016920207999646664,3,0.002369515597820282
1,30,30,0.2,dfs,shap,erode,5,1.0,1.0,,1200,0.36862393468618393,600,0.308853663969785
1,30,30,0.2,dfs,lime,erode,5,0.16363636363636364,0.42857142857142855,,500,0.08651784062385559,250,0.12754622614011168
1,30,30,0.2,dfs,rand,erode,5,0.34545454545454546,0.6666666666666666,,0,8.79121944308281e-05,0,9.704381227493286e-05
1,30,30,0.2,dfs,geodesic,erode,5,0.38181818181818183,0.6666666666666666,,0,0.0005700038745999336,0,0.0005462998524308205
1,30,30,0.2,dfs,cose,erode,,,,0.0,3,0.0016920207999646664,1,0.0005257148295640945
1,30,30,0.2,dfs,shap,distractors,5,1.0,1.0,,1200,0.36862393468618393,700,0.1776005388237536
1,30,30,0.2,dfs,lime,distractors,5,0.2,0.42857142857142855,,500,0.08651784062385559,250,0.046553383115679026
1,30,30,0.2,dfs,rand,distractors,5,-0.01818181818181818,0.25,,0,8.79121944308281e-05,0,8.975295349955559e-05
1,30,30,0.2,dfs,geodesic,distractors,5,0.34545454545454546,0.42857142857142855,,0,0.0005700038745999336,0,0.0005721691995859146
1,30,30,0.2,dfs,cose,distractors,,,,1.0,3,0.0016920207999646664,3,0.0016922550275921822
1,30,30,0.2,theta_star,shap,jitter,5,1.0,1.0,,1200,1.113587903790176,550,1.1810530358925462
1,30,30,0.2,theta_star,lime,jitter,5,0.2,0.42857142857142855,,500,0.40936553524807096,250,0.6239874083548784
1,30,30,0.2,theta_star,rand,jitter,5,-0.06666666666666667,0.25,,0,9.414087980985641e-05,0,9.547872468829155e-05
1,30,30,0.2,theta_star,geodesic,jitter,5,0.5111111111111111,0.6666666666666666,,0,0.0005640028975903988,0,0.0005696751177310944
1,30,30,0.2,theta_star,cose,jitter,,,,0.0,3,0.008335679303854704,1,0.0027429359033703804
1,30,30,0.2,theta_star,shap,dilate,5,1.0,0.8,,1200,1.113587903790176,250,0.4566656961105764
1,30,30,0.2,theta_star,lime,dilate,5,0.6666666666666666,0.2857142857142857,,500,0.40936553524807096,250,0.3448356771841645
1,30,30,0.2,theta_star,rand,dilate,5,0.0,0.125,,0,9.414087980985641e-05,0,9.753601625561714e-05
1,30,30,0.2,theta_star,geodesic,dilate,5,0.6666666666666666,0.2857142857142857,,0,0.0005640028975903988,0,0.0005358699709177017
1,30,30,0.2,theta_star,cose,dilate,,,,1.0,3,0.008335679303854704,3,0.021443761885166168
1,30,30,0.2,theta_star,shap,erode,5,1.0,1.0,,1200,1.113587903790176,600,0.9275117912329733
1,30,30,0.2,theta_star,lime,erode,5,-0.23636363636363636,0.1111111111111111,,500,0.40936553524807096,250,0.42108977725729346
1,30,30,0.2,theta_star,rand,erode,5,-0.01818181818181818,0.42857142857142855,,0,9.414087980985641e-05,0,9.07466746866703e-05
1,30,30,0.2,theta_star,geodesic,erode,5,0.38181818181818183,0.6666666666666666,,0,0.0005640028975903988,0,0.0005655568093061447
1,30,30,0.2,theta_star,cose,erode,,,,0.0,3,0.008335679303854704,1,0.001941012218594551
1,30,30,0.2,theta_star,shap,distractors,5,1.0,1.0,,1200,1.113587903790176,700,0.6968922670930624
1,30,30,0.2,theta_star,lime,distractors,5,0.7090909090909091,0.6666666666666666,,500,0.40936553524807096,250,0.19363924721255898
1,30,30,0.2,theta_star,rand,distractors,5,0.45454545454545453,0.25,,0,9.414087980985641e-05,0,8.964771404862404e-05
1,30,30,0.2,theta_star,geodesic,distractors,5,0.5636363636363636,0.6666666666666666,,0,0.0005640028975903988,0,0.000588991679251194
1,30,30,0.2,theta_star,cose,distractors,,,,1.0,3,0.008335679303854704,3,0.008367529138922691
2,30,30,0.2,a_star,shap,jitter,5,1.0,1.0,,900,0.9895330332219601,400,1.179077373817563
2,30,30,0.2,a_star,lime,jitter,5,-0.42857142857142855,0.42857142857142855,,500,0.5206719478592277,250,0.9008550639264286
2,30,30,0.2,a_star,rand,jitter,5,-0.3333333333333333,0.42857142857142855,,0,0.00011904165148735046,0,0.00010656611993908882
2,30,30,0.2,a_star,geodesic,jitter,5,0.5238095238095238,0.6666666666666666,,0,0.0005534952506422997,0,0.000539747066795826
2,30,30,0.2,a_star,cose,jitter,,,,0.0,3,0.012531956657767296,1,0.004516542889177799
2,30,30,0.2,a_star,shap,dilate,5,1.0,1.0,,900,0.9895330332219601,300,0.3551401011645794
2,30,30,0.2,a_star,lime,dilate,5,0.6,0.25,,500,0.5206719478592277,250,0.3007169561460614
2,30,30,0.2,a_star,rand,dilate,5,-0.2,0.42857142857142855,,0,0.00011904165148735046,0,8.699391037225723e-05
2,30,30,0.2,a_star,geodesic,dilate,5,-0.2,0.6666666666666666,,0,0.0005534952506422997,0,0.0005236961878836155
2,30,30,0.2,a_star,cose,dilate,,,,1.0,3,0.012531956657767296,3,0.01413405081257224
2,30,30,0.2,a_star,shap,erode,5,1.0,1.0,,900,0.9895330332219601,350,0.530911167152226
2,30,30,0.2,a_star,lime,erode,5,0.2,0.42857142857142855,,500,0.5206719478592277,250,0.45188574213534594
2,30,30,0.2,a_star,rand,erode,5,0.4666666666666667,0.6666666666666666,,0,0.00011904165148735046,0,9.026331827044487e-05
2,30,30,0.2,a_star,geodesic,erode,5,0.2,0.42857142857142855,,0,0.0005534952506422997,0,0.0005175294354557991
2,30,30,0.2,a_star,cose,erode,,,,0.0,3,0.012531956657767296,1,0.0018573300912976265
2,30,30,0.2,a_star,shap,distractors,5,1.0,1.0,,900,0.9895330332219601,550,0.5270679420791566
2,30,30,0.2,a_star,lime,distractors,5,0.2857142857142857,0.25,,500,0.5206719478592277,250,0.2419432350434363
2,30,30,0.2,a_star,rand,distractors,5,0.14285714285714285,0.6666666666666666,,0,0.00011904165148735046,0,9.040301665663719e-05
2,30,30,0.2,a_star,geodesic,distractors,5,0.35714285714285715,0.6666666666666666,,0,0.0005534952506422997,0,0.0005477480590343475
2,30,30,0.2,a_star,cose,distractors,,,,1.0,3,0.012531956657767296,3,0.012514018919318914
2,30,30,0.2,dijkstra,shap,jitter,5,1.0,1.0,,900,6.612872020341456,400,5.263082067947835
2,30,30,0.2,dijkstra,lime,jitter,5,0.14285714285714285,0.42857142857142855,,500,1.6551653440110385,250,3.187465543858707
2,30,30,0.2,dijkstra,rand,jitter,5,0.5238095238095238,0.6666666666666666,,0,0.00010487809777259827,0,0.00010800408199429512
2,30,30,0.2,dijkstra,geodesic,jitter,5,0.3333333333333333,0.42857142857142855,,0,0.0005582030862569809,0,0.0005401228554546833
2,30,30,0.2,dijkstra,cose,jitter,,,,0.0,3,0.035780755802989006,1,0.011751191224902868
2,30,30,0.2,dijkstra,shap,dilate,5,1.0,1.0,,900,6.612872020341456,300,1.952253121882677
2,30,30,0.2,dijkstra,lime,dilate,5,0.4,0.42857142857142855,,500,1.6551653440110385,250,0.6498610880225897
2,30,30,0.2,dijkstra,rand,dilate,5,-0.2,0.42857142857142855,,0,0.00010487809777259827,0,9.634671732783318e-05
2,30,30,0.2,dijkstra,geodesic,dilate,5,-0.2,0.6666666666666666,,0,0.0005582030862569809,0,0.0005234819836914539
2,30,30,0.2,dijkstra,cose,dilate,,,,1.0,3,0.035780755802989006,3,0.026941590942442417
2,30,30,0.2,dijkstra,shap,erode,5,1.0,1.0,,900,6.612872020341456,350,5.032654022797942
2,30,30,0.2,dijkstra,lime,erode,5,0.06666666666666667,0.6666666666666666,,500,1.6551653440110385,250,3.5665193349123
2,30,30,0.2,dijkstra,rand,erode,5,0.06666666666666667,0.42857142857142855,,0,0.00010487809777259827,0,0.00010997382923960686
2,30,30,0.2,dijkstra,geodesic,erode,5,0.2,0.42857142857142855,,0,0.0005582030862569809,0,0.0005338471382856369
2,30,30,0.2,dijkstra,cose,erode,,,,0.0,3,0.035780755802989006,1,0.014107211027294397
2,30,30,0.2,dijkstra,shap,distractors,5,1.0,1.0,,900,6.612872020341456,600,4.014751182869077
2,30,30,0.2,dijkstra,lime,distractors,5,0.5,0.42857142857142855,,500,1.6551653440110385,250,1.1777848396450281
2,30,30,0.2,dijkstra,rand,distractors,5,-0.07142857142857142,0.42857142857142855,,0,0.00010487809777259827,0,0.0001151389442384243
2,30,30,0.2,dijkstra,geodesic,distractors,5,-0.14285714285714285,0.25,,0,0.0005582030862569809,0,0.0006783781573176384
2,30,30,0.2,dijkstra,cose,distractors,,,,1.0,3,0.035780755802989006,3,0.039238857105374336
2,30,30,0.2,bfs,shap,jitter,5,1.0,1.0,,900,4.9274907191284,400,2.1435087183490396
2,30,30,0.2,bfs,lime,jitter,5,0.42857142857142855,0.6666666666666666,,500,1.6810596520081162,250,0.823434719350189
2,30,30,0.2,bfs,rand,jitter,5,0.3333333333333333,0.6666666666666666,,0,0.00011108303442597389,0,9.99700278043747e-05
2,30,30,0.2,bfs,geodesic,jitter,5,0.42857142857142855,0.6666666666666666,,0,0.0005400041118264198,0,0.00053397286683321
2,30,30,0.2,bfs,cose,jitter,,,,1.0,3,0.02889372268691659,3,0.028923150151968002
2,30,30,0.2,bfs,shap,dilate,5,1.0,1.0,,900,4.9274907191284,300,1.3882618001662195
2,30,30,0.2,bfs,lime,dilate,5,0.4,1.0,,500,1.6810596520081162,250,0.7115747360512614
2,30,30,0.2,bfs,rand,dilate,5,0.0,0.42857142857142855,,0,0.00011108303442597389,0,9.297113865613937e-05
2,30,30,0.2,bfs,geodesic,dilate,5,-0.2,0.6666666666666666,,0,0.0005400041118264198,0,0.0005421820096671581
2,30,30,0.2,bfs,cose,dilate,,,,1.0,3,0.02889372268691659,3,0.02169107971712947
2,30,30,0.2,bfs,shap,erode,5,1.0,1.0,,900,4.9274907191284,350,3.957485403865576
2,30,30,0.2,bfs,lime,erode,5,0.2,0.6666666666666666,,500,1.6810596520081162,250,2.803649968933314
2,30,30,0.2,bfs,rand,erode,5,-0.2,0.42857142857142855,,0,0.00011108303442597389,0,0.00010859686881303787
2,30,30,0.2,bfs,geodesic,erode,5,0.2,0.42857142857142855,,0,0.0005400041118264198,0,0.0005404897965490818
2,30,30,0.2,bfs,cose,erode,,,,0.0,3,0.02889372268691659,1,0.01119825104251504
2,30,30,0.2,bfs,shap,distractors,5,1.0,1.0,,900,4.9274907191284,600,3.272734705824405
2,30,30,0.2,bfs,lime,distractors,5,0.42857142857142855,0.42857142857142855,,500,1.6810596520081162,250,0.8578058118000627
2,30,30,0.2,bfs,rand,distractors,5,-0.35714285714285715,0.1111111111111111,,0,0.00011108303442597389,0,0.0001251637004315853
2,30,30,0.2,bfs,geodesic,distractors,5,0.35714285714285715,0.42857142857142855,,0,0.0005400041118264198,0,0.0005813711322844028
2,30,30,0.2,bfs,cose,distractors,,,,1.0,3,0.02889372268691659,3,0.029012407176196575
2,30,30,0.2,dfs,shap,jitter,5,1.0,1.0,,900,0.274750798009336,350,0.19275674410164356
2,30,30,0.2,dfs,lime,jitter,5,-0.2,0.6666666666666666,,500,0.1160201202146709,250,0.14163620816543698
2,30,30,0.2,dfs,rand,jitter,5,0.3333333333333333,0.6666666666666666,,0,8.628377690911293e-05,0,8.615804836153984e-05
2,30,30,0.2,dfs,geodesic,jitter,5,0.06666666666666667,0.42857142857142855,,0,0.000539983157068491,0,0.0005308259278535843
2,30,30,0.2,dfs,cose,jitter,,,,0.0,3,0.0018824911676347256,1,0.0005944320000708103
2,30,30,0.2,dfs,shap,dilate,5,1.0,1.0,,900,0.274750798009336,300,0.09236803092062473
2,30,30,0.2,dfs,lime,dilate,5,0.2,0.42857142857142855,,500,0.1160201202146709,250,0.050244425889104605
2,30,30,0.2,dfs,rand,dilate,5,0.6,0.6666666666666666,,0,8.628377690911293e-05,0,8.546421304345131e-05
2,30,30,0.2,dfs,geodesic,dilate,5,-0.2,0.6666666666666666,,0,0.000539983157068491,0,0.0005294880829751492
2,30,30,0.2,dfs,cose,dilate,,,,1.0,3,0.0018824911676347256,3,0.001878173090517521
2,30,30,0.2,dfs,shap,erode,5,1.0,1.0,,900,0.274750798009336,350,0.17863629292696714
2,30,30,0.2,dfs,lime,erode,5,-0.2,0.42857142857142855,,500,0.1160201202146709,250,0.1271366416476667
2,30,30,0.2,dfs,rand,erode,5,0.4666666666666667,0.6666666666666666,,0,8.628377690911293e-05,0,8.440995588898659e-05
2,30,30,0.2,dfs,geodesic,erode,5,0.2,0.42857142857142855,,0,0.000539983157068491,0,0.0005186302587389946
2,30,30,0.2,dfs,cose,erode,,,,0.0,3,0.0018824911676347256,1,0.0005181101150810719
2,30,30,0.2,dfs,shap,distractors,5,1.0,1.0,,900,0.274750798009336,600,0.19411056488752365
2,30,30,0.2,dfs,lime,distractors,5,0.5,0.42857142857142855,,500,0.1160201202146709,250,0.0562286339700222
2,30,30,0.2,dfs,rand,distractors,5,0.14285714285714285,0.25,,0,8.628377690911293e-05,0,8.689099922776222e-05
2,30,30,0.2,dfs,geodesic,distractors,5,0.14285714285714285,0.42857142857142855,,0,0.000539983157068491,0,0.0005502752028405666
2,30,30,0.2,dfs,cose,distractors,,,,1.0,3,0.0018824911676347256,3,0.0019025360234081745
2,30,30,0.2,theta_star,shap,jitter,5,1.0,1.0,,900,1.2921750261448324,350,0.5667190188542008
2,30,30,0.2,theta_star,lime,jitter,5,0.2,0.42857142857142855,,500,0.6539279730059206,250,0.4620467321947217
2,30,30,0.2,theta_star,rand,jitter,5,0.2,0.42857142857142855,,0,0.0001167510636150837,0,9.298603981733322e-05
2,30,30,0.2,theta_star,geodesic,jitter,5,0.4666666666666667,0.42857142857142855,,0,0.0005402802489697933,0,0.0005324110388755798
2,30,30,0.2,theta_star,cose,jitter,,,,1.0,3,0.01940353075042367,3,0.024215497076511383
2,30,30,0.2,theta_star,shap,dilate,5,1.0,1.0,,900,1.2921750261448324,300,0.40109608974307775
2,30,30,0.2,theta_star,lime,dilate,5,0.2,0.6666666666666666,,500,0.6539279730059206,250,0.29145282972604036
2,30,30,0.2,theta_star,rand,dilate,5,-0.4,0.25,,0,0.0001167510636150837,0,9.296601638197899e-05
2,30,30,0.2,theta_star,geodesic,dilate,5,-0.2,0.6666666666666666,,0,0.0005402802489697933,0,0.0005193576216697693
2,30,30,0.2,theta_star,cose,dilate,,,,1.0,3,0.01940353075042367,3,0.016075727995485067
2,30,30,0.2,theta_star,shap,erode,5,1.0,1.0,,900,1.2921750261448324,350,0.5996776153333485
2,30,30,0.2,theta_star,lime,erode,5,-0.3333333333333333,0.42857142857142855,,500,0.6539279730059206,250,0.4892220161855221
2,30,30,0.2,theta_star,rand,erode,5,-0.06666666666666667,0.42857142857142855,,0,0.0001167510636150837,0,0.00011949799954891205
2,30,30,0.2,theta_star,geodesic,erode,5,0.2,0.42857142857142855,,0,0.0005402802489697933,0,0.0005258568562567234
2,30,30,0.2,theta_star,cose,erode,,,,0.0,3,0.01940353075042367,1,0.002644818741828203
2,30,30,0.2,theta_star,shap,distractors,5,1.0,1.0,,900,1.2921750261448324,450,0.7664036629721522
2,30,30,0.2,theta_star,lime,distractors,5,0.42857142857142855,0.42857142857142855,,500,0.6539279730059206,250,0.3756002685986459
2,30,30,0.2,theta_star,rand,distractors,5,-0.42857142857142855,0.42857142857142855,,0,0.0001167510636150837,0,9.078998118638992e-05
2,30,30,0.2,theta_star,geodesic,distractors,5,1.0,1.0,,0,0.0005402802489697933,0,0.0005453289486467838
2,30,30,0.2,theta_star,cose,distractors,,,,1.0,3,0.01940353075042367,3,0.019440381322056055
3,30,30,0.2,a_star,shap,jitter,5,1.0,1.0,,1200,2.0844913707114756,550,1.5061144907958806
3,30,30,0.2,a_star,lime,jitter,5,-0.022222222222222223,0.25,,500,0.8250285689719021,250,0.7687311959452927
3,30,30,0.2,a_star,rand,jitter,5,-0.24444444444444444,0.25,,0,0.00010721711441874504,0,0.0001342538744211197
3,30,30,0.2,a_star,geodesic,jitter,5,0.37777777777777777,0.42857142857142855,,0,0.0005689710378646851,0,0.0005574547685682774
3,30,30,0.2,a_star,cose,jitter,,,,0.0,3,0.018611655104905367,1,0.003425810020416975
3,30,30,0.2,a_star,shap,dilate,5,1.0,1.0,,1200,2.0844913707114756,350,0.526464861817658
3,30,30,0.2,a_star,lime,dilate,5,0.4666666666666667,0.42857142857142855,,500,0.8250285689719021,250,0.38487051520496607
3,30,30,0.2,a_star,rand,dilate,5,0.2,0.6666666666666666,,0,0.00010721711441874504,0,8.926913142204285e-05
3,30,30,0.2,a_star,geodesic,dilate,5,0.7333333333333333,0.25,,0,0.0005689710378646851,0,0.0005300962366163731
3,30,30,0.2,a_star,cose,dilate,,,,1.0,3,0.018611655104905367,3,0.016698726918548346
3,30,30,0.2,a_star,shap,erode,5,1.0,1.0,,1200,2.0844913707114756,500,0.4210009449161589
3,30,30,0.2,a_star,lime,erode,5,0.3888888888888889,0.25,,500,0.8250285689719021,250,0.20876075187698007
3,30,30,0.2,a_star,rand,erode,5,0.2777777777777778,0.42857142857142855,,0,0.00010721711441874504,0,8.907588198781013e-05
3,30,30,0.2,a_star,geodesic,erode,5,0.1111111111111111,0.25,,0,0.0005689710378646851,0,0.0005464185960590839
3,30,30,0.2,a_star,cose,erode,,,,0.0,3,0.018611655104905367,1,0.0008471431210637093
3,30,30,0.2,a_star,shap,distractors,5,1.0,1.0,,1200,2.0844913707114756,700,1.4565703142434359
3,30,30,0.2,a_star,lime,distractors,5,0.38181818181818183,0.25,,500,0.8250285689719021,250,0.45292093278840184
3,30,30,0.2,a_star,rand,distractors,5,0.05454545454545454,0.42857142857142855,,0,0.00010721711441874504,0,0.0001113242469727993
3,30,30,0.2,a_star,geodesic,distractors,5,0.23636363636363636,0.25,,0,0.0005689710378646851,0,0.0005750609561800957
3,30,30,0.2,a_star,cose,distractors,,,,1.0,3,0.018611655104905367,3,0.018574506044387817
3,30,30,0.2,dijkstra,shap,jitter,5,1.0,1.0,,1200,8.281679294072092,550,7.208411741070449
3,30,30,0.2,dijkstra,lime,jitter,5,0.2,0.42857142857142855,,500,1.9450009930878878,250,3.1433831807225943
3,30,30,0.2,dijkstra,rand,jitter,5,-0.06666666666666667,0.42857142857142855,,0,0.00010729115456342697,0,0.0001163058914244175
3,30,30,0.2,dijkstra,geodesic,jitter,5,-0.4666666666666667,0.1111111111111111,,0,0.0005551790818572044,0,0.0005575879476964474
3,30,30,0.2,dijkstra,cose,jitter,,,,0.0,3,0.03589955111965537,1,0.011633631307631731
3,30,30,0.2,dijkstra,shap,dilate,5,1.0,1.0,,1200,8.281679294072092,350,2.0718646310269833
3,30,30,0.2,dijkstra,lime,dilate,5,0.7333333333333333,0.6666666666666666,,500,1.9450009930878878,250,0.9170172028243542
3,30,30,0.2,dijkstra,rand,dilate,5,0.06666666666666667,0.42857142857142855,,0,0.00010729115456342697,0,0.00012292806059122086
3,30,30,0.2,dijkstra,geodesic,dilate,5,0.7333333333333333,0.25,,0,0.0005551790818572044,0,0.0005272943526506424
3,30,30,0.2,dijkstra,cose,dilate,,,,1.0,3,0.03589955111965537,3,0.026880956254899502
3,30,30,0.2,dijkstra,shap,erode,5,1.0,1.0,,1200,8.281679294072092,500,7.210525040049106
3,30,30,0.2,dijkstra,lime,erode,5,-0.5,0.42857142857142855,,500,1.9450009930878878,250,3.5941660357639194
3,30,30,0.2,dijkstra,rand,erode,5,-0.5555555555555556,0.0,,0,0.00010729115456342697,0,0.00011154916137456894
3,30,30,0.2,dijkstra,geodesic,erode,5,0.1111111111111111,0.25,,0,0.0005551790818572044,0,0.0005417498759925365
3,30,30,0.2,dijkstra,cose,erode,,,,0.0,3,0.03589955111965537,1,0.014215112198144197
3,30,30,0.2,dijkstra,shap,distractors,5,1.0,1.0,,1200,8.281679294072092,700,4.84178804140538
3,30,30,0.2,dijkstra,lime,distractors,5,0.38181818181818183,0.42857142857142855,,500,1.9450009930878878,250,0.9233640031889081
3,30,30,0.2,dijkstra,rand,distractors,5,-0.41818181818181815,0.25,,0,0.00010729115456342697,0,0.00010825088247656822
3,30,30,0.2,dijkstra,geodesic,distractors,5,0.8181818181818182,0.6666666666666666,,0,0.0005551790818572044,0,0.0005847970023751259
3,30,30,0.2,dijkstra,cose,distractors,,,,1.0,3,0.03589955111965537,3,0.0361540038138628
3,30,30,0.2,bfs,shap,jitter,5,1.0,1.0,,1200,6.7498008999973536,600,6.235081469640136
3,30,30,0.2,bfs,lime,jitter,5,-0.34545454545454546,0.25,,500,1.4967093118466437,250,2.5188625338487327
3,30,30,0.2,bfs,rand,jitter,5,0.3090909090909091,0.6666666666666666,,0,0.00010703178122639656,0,0.000111323781311512
3,30,30,0.2,bfs,geodesic,jitter,5,0.41818181818181815,0.42857142857142855,,0,0.0005458598025143147,0,0.0005709421820938587
3,30,30,0.2,bfs,cose,jitter,,,,0.0,3,0.028897299896925688,1,0.009319162927567959
3,30,30,0.2,bfs,shap,dilate,5,1.0,1.0,,1200,6.7498008999973536,350,1.892915260978043
3,30,30,0.2,bfs,lime,dilate,5,0.6,0.42857142857142855,,500,1.4967093118466437,250,0.6926940567791462
3,30,30,0.2,bfs,rand,dilate,5,-0.4666666666666667,0.1111111111111111,,0,0.00010703178122639656,0,0.00010147271677851677
3,30,30,0.2,bfs,geodesic,dilate,5,0.7333333333333333,0.25,,0,0.0005458598025143147,0,0.000557613093405962
3,30,30,0.2,bfs,cose,dilate,,,,1.0,3,0.028897299896925688,3,0.02182592824101448
3,30,30,0.2,bfs,shap,erode,5,1.0,1.0,,1200,6.7498008999973536,500,5.650952985044569
3,30,30,0.2,bfs,lime,erode,5,-0.2777777777777778,0.42857142857142855,,500,1.4967093118466437,250,2.8375621531158686
3,30,30,0.2,bfs,rand,erode,5,-0.16666666666666666,0.25,,0,0.00010703178122639656,0,0.00011202273890376091
3,30,30,0.2,bfs,geodesic,erode,5,0.1111111111111111,0.25,,0,0.0005458598025143147,0,0.000542675144970417
3,30,30,0.2,bfs,cose,erode,,,,0.0,3,0.028897299896925688,1,0.011213927995413542
3,30,30,0.2,bfs,shap,distractors,5,1.0,1.0,,1200,6.7498008999973536,650,3.434887796640396
3,30,30,0.2,bfs,lime,distractors,5,0.09090909090909091,0.25,,500,1.4967093118466437,250,0.7391028581187129
3,30,30,0.2,bfs,rand,distractors,5,0.3090909090909091,0.42857142857142855,,0,0.00010703178122639656,0,9.526731446385384e-05
3,30,30,0.2,bfs,geodesic,distractors,5,0.3090909090909091,0.25,,0,0.0005458598025143147,0,0.00057943444699049
3,30,30,0.2,bfs,cose,distractors,,,,1.0,3,0.028897299896925688,3,0.029006351251155138
3,30,30,0.2,dfs,shap,jitter,5,1.0,1.0,,1200,0.9582846481353045,600,1.3811337258666754
3,30,30,0.2,dfs,lime,jitter,5,0.3090909090909091,0.25,,500,0.38341202214360237,250,0.622392448130995
3,30,30,0.2,dfs,rand,jitter,5,0.09090909090909091,0.25,,0,9.064236655831337e-05,0,9.97660681605339e-05
3,30,30,0.2,dfs,geodesic,jitter,5,-0.4909090909090909,0.25,,0,0.000549806747585535,0,0.0005662087351083755
3,30,30,0.2,dfs,cose,jitter,,,,0.0,3,0.012872080318629742,1,0.005064870230853558
3,30,30,0.2,dfs,shap,dilate,5,1.0,1.0,,1200,0.9582846481353045,350,0.09264630125835538
3,30,30,0.2,dfs,lime,dilate,5,0.2,0.25,,500,0.38341202214360237,250,0.05179896764457226
3,30,30,0.2,dfs,rand,dilate,5,0.2,0.25,,0,9.064236655831337e-05,0,9.403377771377563e-05
3,30,30,0.2,dfs,geodesic,dilate,5,0.7333333333333333,0.25,,0,0.000549806747585535,0,0.0005183666944503784
3,30,30,0.2,dfs,cose,dilate,,,,1.0,3,0.012872080318629742,3,0.0020310739055275917
3,30,30,0.2,dfs,shap,erode,5,1.0,1.0,,1200,0.9582846481353045,500,0.25214137230068445
3,30,30,0.2,dfs,lime,erode,5,-0.16666666666666666,0.25,,500,0.38341202214360237,250,0.12476247223094106
3,30,30,0.2,dfs,rand,erode,5,-0.05555555555555555,0.25,,0,9.064236655831337e-05,0,9.670015424489975e-05
3,30,30,0.2,dfs,geodesic,erode,5,0.1111111111111111,0.25,,0,0.000549806747585535,0,0.0005340329371392727
3,30,30,0.2,dfs,cose,erode,,,,0.0,3,0.012872080318629742,1,0.0005146190524101257
3,30,30,0.2,dfs,shap,distractors,5,1.0,1.0,,1200,0.9582846481353045,700,0.5904945032671094
3,30,30,0.2,dfs,lime,distractors,5,-0.05454545454545454,0.25,,500,0.38341202214360237,250,0.23548037884756923
3,30,30,0.2,dfs,rand,distractors,5,0.01818181818181818,0.1111111111111111,,0,9.064236655831337e-05,0,9.005190804600716e-05
3,30,30,0.2,dfs,geodesic,distractors,5,0.5636363636363636,0.6666666666666666,,0,0.000549806747585535,0,0.0005730679258704185
3,30,30,0.2,dfs,cose,distractors,,,,1.0,3,0.012872080318629742,3,0.012731622904539108
3,30,30,0.2,theta_star,shap,jitter,5,1.0,1.0,,1200,2.8001367216929793,600,2.599086934234947
3,30,30,0.2,theta_star,lime,jitter,5,0.3090909090909091,0.42857142857142855,,500,0.9786040829494596,250,1.393910765182227
3,30,30,0.2,theta_star,rand,jitter,5,0.34545454545454546,0.42857142857142855,,0,9.708991274237633e-05,0,0.0001142728142440319
3,30,30,0.2,theta_star,geodesic,jitter,5,0.2727272727272727,0.6666666666666666,,0,0.0005428669974207878,0,0.0005583707243204117
3,30,30,0.2,theta_star,cose,jitter,,,,0.0,3,0.02320409193634987,1,0.0054864827543497086
3,30,30,0.2,theta_star,shap,dilate,5,1.0,1.0,,1200,2.8001367216929793,350,0.7551010358147323
3,30,30,0.2,theta_star,lime,dilate,5,-0.2,0.25,,500,0.9786040829494596,250,0.557166026905179
3,30,30,0.2,theta_star,rand,dilate,5,0.06666666666666667,0.25,,0,9.708991274237633e-05,0,0.00012220581993460655
3,30,30,0.2,theta_star,geodesic,dilate,5,0.7333333333333333,0.25,,0,0.0005428669974207878,0,0.0005271756090223789
3,30,30,0.2,theta_star,cose,dilate,,,,1.0,3,0.02320409193634987,3,0.023667482659220695
3,30,30,0.2,theta_star,shap,erode,5,1.0,1.0,,1200,2.8001367216929793,500,0.6003649448975921
3,30,30,0.2,theta_star,lime,erode,5,0.05555555555555555,0.42857142857142855,,500,0.9786040829494596,250,0.29796639597043395
3,30,30,0.2,theta_star,rand,erode,5,-0.7222222222222222,0.25,,0,9.708991274237633e-05,0,0.00010278401896357536
3,30,30,0.2,theta_star,geodesic,erode,5,0.1111111111111111,0.25,,0,0.0005428669974207878,0,0.0005432707257568836
3,30,30,0.2,theta_star,cose,erode,,,,0.0,3,0.02320409193634987,1,0.0012124013155698776
3,30,30,0.2,theta_star,shap,distractors,5,1.0,1.0,,1200,2.8001367216929793,750,1.7703541871160269
3,30,30,0.2,theta_star,lime,distractors,5,0.34545454545454546,0.42857142857142855,,500,0.9786040829494596,250,0.4788393313065171
3,30,30,0.2,theta_star,rand,distractors,5,0.12727272727272726,0.25,,0,9.708991274237633e-05,0,9.353319182991982e-05
3,30,30,0.2,theta_star,geodesic,distractors,5,0.45454545454545453,0.42857142857142855,,0,0.0005428669974207878,0,0.0005808849819004536
3,30,30,0.2,theta_star,cose,distractors,,,,1.0,3,0.02320409193634987,3,0.025178207084536552
4,30,30,0.2,a_star,shap,jitter,5,1.0,1.0,,1500,1.290448995307088,650,1.3423520070500672
4,30,30,0.2,a_star,lime,jitter,5,-0.18181818181818182,0.1111111111111111,,500,0.2853740779682994,250,0.6075415527448058
4,30,30,0.2,a_star,rand,jitter,5,0.24242424242424243,0.25,,0,9.552482515573502e-05,0,0.00010212603956460953
4,30,30,0.2,a_star,geodesic,jitter,5,0.30303030303030304,0.42857142857142855,,0,0.0005795988254249096,0,0.000575037207454443
4,30,30,0.2,a_star,cose,jitter,,,,0.0,3,0.005709574092179537,1,0.0024925069883465767
4,30,30,0.2,a_star,shap,dilate,5,1.0,1.0,,1500,1.290448995307088,350,0.5440122177824378
4,30,30,0.2,a_star,lime,dilate,5,0.4666666666666667,0.25,,500,0.2853740779682994,250,0.2829953539185226
4,30,30,0.2,a_star,rand,dilate,5,-0.06666666666666667,0.25,,0,9.552482515573502e-05,0,9.389501065015793e-05
4,30,30,0.2,a_star,geodesic,dilate,5,0.06666666666666667,0.25,,0,0.0005795988254249096,0,0.0005301199853420258
4,30,30,0.2,a_star,cose,dilate,,,,1.0,3,0.005709574092179537,3,0.016644942574203014
4,30,30,0.2,a_star,shap,erode,5,1.0,1.0,,1500,1.290448995307088,500,0.4220307799987495
4,30,30,0.2,a_star,lime,erode,5,-0.3888888888888889,0.0,,500,0.2853740779682994,250,0.20929066510871053
4,30,30,0.2,a_star,rand,erode,5,-0.2777777777777778,0.1111111111111111,,0,9.552482515573502e-05,0,9.923987090587616e-05
4,30,30,0.2,a_star,geodesic,erode,5,-0.3333333333333333,0.25,,0,0.0005795988254249096,0,0.0005385247059166431
4,30,30,0.2,a_star,cose,erode,,,,0.0,3,0.005709574092179537,1,0.0008543967269361019
4,30,30,0.2,a_star,shap,distractors,5,1.0,1.0,,1500,1.290448995307088,900,0.6110135312192142
4,30,30,0.2,a_star,lime,distractors,5,-0.18681318681318682,0.1111111111111111,,500,0.2853740779682994,250,0.14135122997686267
4,30,30,0.2,a_star,rand,distractors,5,0.23076923076923078,0.42857142857142855,,0,9.552482515573502e-05,0,9.403564035892487e-05
4,30,30,0.2,a_star,geodesic,distractors,5,-0.0989010989010989,0.1111111111111111,,0,0.0005795988254249096,0,0.0006061629392206669
4,30,30,0.2,a_star,cose,distractors,,,,1.0,3,0.005709574092179537,3,0.0057177613489329815
4,30,30,0.2,dijkstra,shap,jitter,5,1.0,1.0,,1500,10.643546906299889,700,4.600637588184327
4,30,30,0.2,dijkstra,lime,jitter,5,0.2564102564102564,0.25,,500,2.17462064512074,250,0.9487465331330895
4,30,30,0.2,dijkstra,rand,jitter,5,0.3076923076923077,0.25,,0,0.00011320086196064949,0,0.00012444797903299332
4,30,30,0.2,dijkstra,geodesic,jitter,5,0.48717948717948717,0.6666666666666666,,0,0.0005763629451394081,0,0.0005775010213255882
4,30,30,0.2,dijkstra,cose,jitter,,,,1.0,3,0.03517192229628563,3,0.035767332185059786
4,30,30,0.2,dijkstra,shap,dilate,5,1.0,1.0,,1500,10.643546906299889,350,2.180336403194815
4,30,30,0.2,dijkstra,lime,dilate,5,0.2,0.25,,500,2.17462064512074,250,0.8987087127752602
4,30,30,0.2,dijkstra,rand,dilate,5,0.2,0.1111111111111111,,0,0.00011320086196064949,0,0.00011820811778306961
4,30,30,0.2,dijkstra,geodesic,dilate,5,0.06666666666666667,0.25,,0,0.0005763629451394081,0,0.0005367216654121876
4,30,30,0.2,dijkstra,cose,dilate,,,,1.0,3,0.03517192229628563,3,0.028025849256664515
4,30,30,0.2,dijkstra,shap,erode,5,1.0,1.0,,1500,10.643546906299889,500,7.271295032929629
4,30,30,0.2,dijkstra,lime,erode,5,-0.3888888888888889,0.25,,500,2.17462064512074,250,3.6037203958258033
4,30,30,0.2,dijkstra,rand,erode,5,0.6111111111111112,0.25,,0,0.00011320086196064949,0,0.0001107649877667427
4,30,30,0.2,dijkstra,geodesic,erode,5,-0.3333333333333333,0.25,,0,0.0005763629451394081,0,0.0005426960997283459
4,30,30,0.2,dijkstra,cose,erode,,,,0.0,3,0.03517192229628563,1,0.014374364167451859
4,30,30,0.2,dijkstra,shap,distractors,5,1.0,1.0,,1500,10.643546906299889,900,7.343612011987716
4,30,30,0.2,dijkstra,lime,distractors,5,0.23076923076923078,0.1111111111111111,,500,2.17462064512074,250,1.0418993751518428
4,30,30,0.2,dijkstra,rand,distractors,5,0.01098901098901099,0.25,,0,0.00011320086196064949,0,0.00010459171608090401
4,30,30,0.2,dijkstra,geodesic,distractors,5,-0.0989010989010989,0.1111111111111111,,0,0.0005763629451394081,0,0.0006076768040657043
4,30,30,0.2,dijkstra,cose,distractors,,,,1.0,3,0.03517192229628563,3,0.035304735880345106
4,30,30,0.2,bfs,shap,jitter,5,1.0,1.0,,1500,8.395831033121794,650,6.775246805045754
4,30,30,0.2,bfs,lime,jitter,5,0.0,0.42857142857142855,,500,1.5127266282215714,250,2.496091312263161
4,30,30,0.2,bfs,rand,jitter,5,-0.45454545454545453,0.1111111111111111,,0,0.00011038081720471382,0,0.00011394405737519264
4,30,30,0.2,bfs,geodesic,jitter,5,-0.21212121212121213,0.25,,0,0.0005778702907264233,0,0.0005769282579421997
4,30,30,0.2,bfs,cose,jitter,,,,0.0,3,0.028339401353150606,1,0.00943650072440505
4,30,30,0.2,bfs,shap,dilate,5,1.0,1.0,,1500,8.395831033121794,350,1.8651692257262766
4,30,30,0.2,bfs,lime,dilate,5,0.2,0.25,,500,1.5127266282215714,250,0.7257617800496519
4,30,30,0.2,bfs,rand,dilate,5,-0.06666666666666667,0.1111111111111111,,0,0.00011038081720471382,0,9.588431566953659e-05
4,30,30,0.2,bfs,geodesic,dilate,5,0.06666666666666667,0.25,,0,0.0005778702907264233,0,0.0005200430750846863
4,30,30,0.2,bfs,cose,dilate,,,,1.0,3,0.028339401353150606,3,0.022873822133988142
4,30,30,0.2,bfs,shap,erode,5,1.0,1.0,,1500,8.395831033121794,500,5.675585312768817
4,30,30,0.2,bfs,lime,erode,5,0.0,0.25,,500,1.5127266282215714,250,2.8057885062880814
4,30,30,0.2,bfs,rand,erode,5,-0.1111111111111111,0.1111111111111111,,0,0.00011038081720471382,0,0.00012547895312309265
4,30,30,0.2,bfs,geodesic,erode,5,-0.3333333333333333,0.25,,0,0.0005778702907264233,0,0.0005557448603212833
4,30,30,0.2,bfs,cose,erode,,,,0.0,3,0.028339401353150606,1,0.011403854936361313
4,30,30,0.2,bfs,shap,distractors,5,1.0,1.0,,1500,8.395831033121794,850,4.716644078027457
4,30,30,0.2,bfs,lime,distractors,5,0.12087912087912088,0.1111111111111111,,500,1.5127266282215714,250,0.8187696770764887
4,30,30,0.2,bfs,rand,distractors,5,0.054945054945054944,0.42857142857142855,,0,0.00011038081720471382,0,9.768502786755562e-05
4,30,30,0.2,bfs,geodesic,distractors,5,0.45054945054945056,0.42857142857142855,,0,0.0005778702907264233,0,0.0006003822200000286
4,30,30,0.2,bfs,cose,distractors,,,,1.0,3,0.028339401353150606,3,0.028239266015589237
4,30,30,0.2,dfs,shap,jitter,5,1.0,1.0,,1500,0.4469722528010607,600,0.33572897082194686
4,30,30,0.2,dfs,lime,jitter,5,-0.16363636363636364,0.1111111111111111,,500,0.09397975681349635,250,0.14253858802840114
4,30,30,0.2,dfs,rand,jitter,5,0.2,0.42857142857142855,,0,9.112292900681496e-05,0,8.950801566243172e-05
4,30,30,0.2,dfs,geodesic,jitter,5,0.16363636363636364,0.42857142857142855,,0,0.0005698991008102894,0,0.000552270095795393
4,30,30,0.2,dfs,cose,jitter,,,,0.0,3,0.002119883429259062,1,0.0005941828712821007
4,30,30,0.2,dfs,shap,dilate,5,1.0,1.0,,1500,0.4469722528010607,350,0.26939333230257034
4,30,30,0.2,dfs,lime,dilate,5,-0.06666666666666667,0.1111111111111111,,500,0.09397975681349635,250,0.21123122097924352
4,30,30,0.2,dfs,rand,dilate,5,0.2,0.42857142857142855,,0,9.112292900681496e-05,0,8.679833263158798e-05
4,30,30,0.2,dfs,geodesic,dilate,5,0.06666666666666667,0.25,,0,0.0005698991008102894,0,0.0005276650190353394
4,30,30,0.2,dfs,cose,dilate,,,,1.0,3,0.002119883429259062,3,0.010433513205498457
4,30,30,0.2,dfs,shap,erode,5,1.0,1.0,,1500,0.4469722528010607,500,0.25286610098555684
4,30,30,0.2,dfs,lime,erode,5,-0.1111111111111111,0.25,,500,0.09397975681349635,250,0.12504963390529156
4,30,30,0.2,dfs,rand,erode,5,0.1111111111111111,0.25,,0,9.112292900681496e-05,0,8.645234629511833e-05
4,30,30,0.2,dfs,geodesic,erode,5,-0.3333333333333333,0.25,,0,0.0005698991008102894,0,0.0005279621109366417
4,30,30,0.2,dfs,cose,erode,,,,0.0,3,0.002119883429259062,1,0.0005113547667860985
4,30,30,0.2,dfs,shap,distractors,5,1.0,1.0,,1500,0.4469722528010607,850,0.23970184242352843
4,30,30,0.2,dfs,lime,distractors,5,0.2967032967032967,0.42857142857142855,,500,0.09397975681349635,250,0.05768225993961096
4,30,30,0.2,dfs,rand,distractors,5,0.054945054945054944,0.1111111111111111,,0,9.112292900681496e-05,0,9.988201782107353e-05
4,30,30,0.2,dfs,geodesic,distractors,5,0.27472527472527475,0.25,,0,0.0005698991008102894,0,0.0005725687369704247
4,30,30,0.2,dfs,cose,distractors,,,,1.0,3,0.002119883429259062,3,0.0021256753243505955
4,30,30,0.2,theta_star,shap,jitter,5,1.0,1.0,,1500,1.2423390122130513,600,2.811921496875584
4,30,30,0.2,theta_star,lime,jitter,5,-0.38181818181818183,0.1111111111111111,,500,0.2475821329280734,250,1.4141211160458624
4,30,30,0.2,theta_star,rand,jitter,5,-0.01818181818181818,0.25,,0,9.232433512806892e-05,0,0.00012580910697579384
4,30,30,0.2,theta_star,geodesic,jitter,5,0.05454545454545454,0.25,,0,0.0005647549405694008,0,0.0005767024122178555
4,30,30,0.2,theta_star,cose,jitter,,,,0.0,3,0.005033608991652727,1,0.0066838557831943035
4,30,30,0.2,theta_star,shap,dilate,5,1.0,1.0,,1500,1.2423390122130513,350,0.6349282958544791
4,30,30,0.2,theta_star,lime,dilate,5,-0.06666666666666667,0.25,,500,0.2475821329280734,250,0.4801893620751798
4,30,30,0.2,theta_star,rand,dilate,5,0.2,0.25,,0,9.232433512806892e-05,0,9.623914957046509e-05
4,30,30,0.2,theta_star,geodesic,dilate,5,0.06666666666666667,0.25,,0,0.0005647549405694008,0,0.0005411109887063503
4,30,30,0.2,theta_star,cose,dilate,,,,1.0,3,0.005033608991652727,3,0.019373416900634766
4,30,30,0.2,theta_star,shap,erode,5,1.0,1.0,,1500,1.2423390122130513,500,0.5954639250412583
4,30,30,0.2,theta_star,lime,erode,5,0.2222222222222222,0.42857142857142855,,500,0.2475821329280734,250,0.2947459751740098
4,30,30,0.2,theta_star,rand,erode,5,-0.3888888888888889,0.1111111111111111,,0,9.232433512806892e-05,0,9.148381650447845e-05
4,30,30,0.2,theta_star,geodesic,erode,5,-0.3333333333333333,0.25,,0,0.0005647549405694008,0,0.0005466802977025509
4,30,30,0.2,theta_star,cose,erode,,,,0.0,3,0.005033608991652727,1,0.001216585747897625
4,30,30,0.2,theta_star,shap,distractors,5,1.0,1.0,,1500,1.2423390122130513,850,0.7850231542252004
4,30,30,0.2,theta_star,lime,distractors,5,0.27472527472527475,0.25,,500,0.2475821329280734,250,0.13655963214114308
4,30,30,0.2,theta_star,rand,distractors,5,-0.01098901098901099,0.1111111111111111,,0,9.232433512806892e-05,0,9.920215234160423e-05
4,30,30,0.2,theta_star,geodesic,distractors,5,0.6043956043956044,0.6666666666666666,,0,0.0005647549405694008,0,0.0005930340848863125
4,30,30,0.2,theta_star,cose,distractors,,,,1.0,3,0.005033608991652727,3,0.00501295505091548
5,30,30,0.2,a_star,shap,jitter,5,1.0,0.6666666666666666,,1000,8.520418738014996,400,0.911845235619694
5,30,30,0.2,a_star,lime,jitter,5,0.14285714285714285,0.42857142857142855,,500,5.671999939251691,250,0.655431421007961
5,30,30,0.2,a_star,rand,jitter,5,-0.5238095238095238,0.25,,0,0.00011018617078661919,0,9.674206376075745e-05
5,30,30,0.2,a_star,geodesic,jitter,5,0.5238095238095238,0.6666666666666666,,0,0.0005544619634747505,0,0.000524984672665596
5,30,30,0.2,a_star,cose,jitter,,,,0.0,3,0.03625874221324921,1,0.002814434003084898
5,30,30,0.2,a_star,shap,dilate,5,0.0,0.8,,1000,8.520418738014996,250,1.3973312838934362
5,30,30,0.2,a_star,lime,dilate,5,0.3333333333333333,0.2857142857142857,,500,5.671999939251691,250,2.1641866732388735
5,30,30,0.2,a_star,rand,dilate,5,0.3333333333333333,0.2857142857142857,,0,0.00011018617078661919,0,0.00011892616748809814
5,30,30,0.2,a_star,geodesic,dilate,5,0.0,0.5,,0,0.0005544619634747505,0,0.0005287411622703075
5,30,30,0.2,a_star,cose,dilate,,,,0.0,3,0.03625874221324921,12,0.09301602467894554
5,30,30,0.2,a_star,shap,erode,5,0.5555555555555556,0.6666666666666666,,1000,8.520418738014996,500,0.875384880695492
5,30,30,0.2,a_star,lime,erode,5,-0.05555555555555555,0.25,,500,5.671999939251691,250,0.5554829691536725
5,30,30,0.2,a_star,rand,erode,5,0.2777777777777778,0.25,,0,0.00011018617078661919,0,0.00010845577344298363
5,30,30,0.2,a_star,geodesic,erode,5,0.6666666666666666,1.0,,0,0.0005544619634747505,0,0.0005512097850441933
5,30,30,0.2,a_star,cose,erode,,,,0.0,3,0.03625874221324921,1,0.0028489548712968826
5,30,30,0.2,a_star,shap,distractors,5,0.5555555555555556,0.6666666666666666,,1000,8.520418738014996,600,4.900785362813622
5,30,30,0.2,a_star,lime,distractors,5,-0.4444444444444444,0.1111111111111111,,500,5.671999939251691,250,2.7249759528785944
5,30,30,0.2,a_star,rand,distractors,5,-0.2777777777777778,0.25,,0,0.00011018617078661919,0,0.00010973121970891953
5,30,30,0.2,a_star,geodesic,distractors,5,0.0,0.25,,0,0.0005544619634747505,0,0.0005685780197381973
5,30,30,0.2,a_star,cose,distractors,,,,0.1111111111111111,3,0.03625874221324921,19,0.35709789115935564
5,30,30,0.2,dijkstra,shap,jitter,5,1.0,1.0,,1000,12.957807393278927,500,6.500638052821159
5,30,30,0.2,dijkstra,lime,jitter,5,0.2777777777777778,0.42857142857142855,,500,6.161864520981908,250,3.086692745797336
5,30,30,0.2,dijkstra,rand,jitter,5,0.16666666666666666,0.42857142857142855,,0,0.00012239301577210426,0,0.00011383183300495148
5,30,30,0.2,dijkstra,geodesic,jitter,5,0.7777777777777778,0.6666666666666666,,0,0.0005463729612529278,0,0.0005562007427215576
5,30,30,0.2,dijkstra,cose,jitter,,,,1.0,3,0.058306068647652864,3,0.0586690828204155
5,30,30,0.2,dijkstra,shap,dilate,5,0.0,0.8,,1000,12.957807393278927,250,2.9501828919164836
5,30,30,0.2,dijkstra,lime,dilate,5,0.0,0.2857142857142857,,500,6.161864520981908,250,2.6558515788055956
5,30,30,0.2,dijkstra,rand,dilate,5,0.0,0.2857142857142857,,0,0.00012239301577210426,0,0.00010628905147314072
5,30,30,0.2,dijkstra,geodesic,dilate,5,0.0,0.5,,0,0.0005463729612529278,0,0.0005281670019030571
5,30,30,0.2,dijkstra,cose,dilate,,,,0.0,3,0.058306068647652864,12,0.1640064329840243
5,30,30,0.2,dijkstra,shap,erode,5,0.5555555555555556,0.6666666666666666,,1000,12.957807393278927,500,7.147777926176786
5,30,30,0.2,dijkstra,lime,erode,5,-0.05555555555555555,0.25,,500,6.161864520981908,250,3.5188102228567004
5,30,30,0.2,dijkstra,rand,erode,5,-0.3333333333333333,0.25,,0,0.00012239301577210426,0,0.00012063607573509216
5,30,30,0.2,dijkstra,geodesic,erode,5,0.6666666666666666,1.0,,0,0.0005463729612529278,0,0.0005349880084395409
5,30,30,0.2,dijkstra,cose,erode,,,,0.0,3,0.058306068647652864,1,0.013934696093201637
5,30,30,0.2,dijkstra,shap,distractors,5,0.5555555555555556,0.6666666666666666,,1000,12.957807393278927,600,7.800085553433746
5,30,30,0.2,dijkstra,lime,distractors,5,0.1111111111111111,0.25,,500,6.161864520981908,250,3.0800568480044603
5,30,30,0.2,dijkstra,rand,distractors,5,0.2222222222222222,0.25,,0,0.00012239301577210426,0,0.00010938523337244987
5,30,30,0.2,dijkstra,geodesic,distractors,5,0.0,0.25,,0,0.0005463729612529278,0,0.0005721608176827431
5,30,30,0.2,dijkstra,cose,distractors,,,,0.1111111111111111,3,0.058306068647652864,19,0.2867805282585323
5,30,30,0.2,bfs,shap,jitter,5,1.0,0.6666666666666666,,1000,10.310895871836692,450,4.64222458191216
5,30,30,0.2,bfs,lime,jitter,5,-0.2857142857142857,0.25,,500,4.887922414112836,250,2.499315971042961
5,30,30,0.2,bfs,rand,jitter,5,0.0,0.42857142857142855,,0,0.000122743658721447,0,0.00012184074148535728
5,30,30,0.2,bfs,geodesic,jitter,5,0.42857142857142855,0.6666666666666666,,0,0.0005383971147239208,0,0.0005393996834754944
5,30,30,0.2,bfs,cose,jitter,,,,0.0,3,0.04727645590901375,1,0.009330703876912594
5,30,30,0.2,bfs,shap,dilate,5,0.0,0.8,,1000,10.310895871836692,250,2.320813483092934
5,30,30,0.2,bfs,lime,dilate,5,0.3333333333333333,0.125,,500,4.887922414112836,250,2.13816602807492
5,30,30,0.2,bfs,rand,dilate,5,-0.3333333333333333,0.5,,0,0.000122743658721447,0,0.00010887673124670982
5,30,30,0.2,bfs,geodesic,dilate,5,0.0,0.5,,0,0.0005383971147239208,0,0.0005331998690962791
5,30,30,0.2,bfs,cose,dilate,,,,0.0,3,0.04727645590901375,12,0.1300331992097199
5,30,30,0.2,bfs,shap,erode,5,0.5555555555555556,0.6666666666666666,,1000,10.310895871836692,500,5.600287507288158
5,30,30,0.2,bfs,lime,erode,5,0.16666666666666666,0.42857142857142855,,500,4.887922414112836,250,2.801452351734042
5,30,30,0.2,bfs,rand,erode,5,-0.2222222222222222,0.42857142857142855,,0,0.000122743658721447,0,0.00012001022696495056
5,30,30,0.2,bfs,geodesic,erode,5,0.6666666666666666,1.0,,0,0.0005383971147239208,0,0.0005555180832743645
5,30,30,0.2,bfs,cose,erode,,,,0.0,3,0.04727645590901375,1,0.01114661293104291
5,30,30,0.2,bfs,shap,distractors,5,0.5555555555555556,0.6666666666666666,,1000,10.310895871836692,650,6.6563780340366066
5,30,30,0.2,bfs,lime,distractors,5,-0.1111111111111111,0.1111111111111111,,500,4.887922414112836,250,2.4605260738171637
5,30,30,0.2,bfs,rand,distractors,5,-0.2222222222222222,0.1111111111111111,,0,0.000122743658721447,0,0.00010342709720134735
5,30,30,0.2,bfs,geodesic,distractors,5,-0.16666666666666666,0.42857142857142855,,0,0.0005383971147239208,0,0.0005822512321174145
5,30,30,0.2,bfs,cose,distractors,,,,0.1111111111111111,3,0.04727645590901375,19,0.21869936911389232
5,30,30,0.2,dfs,shap,jitter,5,0.5555555555555556,0.6666666666666666,,1000,5.106324706226587,500,0.2688043750822544
5,30,30,0.2,dfs,lime,jitter,5,0.5,0.6666666666666666,,500,3.34983402909711,250,0.13668552367016673
5,30,30,0.2,dfs,rand,jitter,5,0.0,0.42857142857142855,,0,0.00012409500777721405,0,8.95429402589798e-05
5,30,30,0.2,dfs,geodesic,jitter,5,0.3333333333333333,0.6666666666666666,,0,0.0005497024394571781,0,0.0005604550242424011
5,30,30,0.2,dfs,cose,jitter,,,,0.0,3,0.01993754133582115,1,0.0005614249967038631
5,30,30,0.2,dfs,shap,dilate,5,0.0,0.8,,1000,5.106324706226587,250,1.0420482349582016
5,30,30,0.2,dfs,lime,dilate,5,1.0,0.2857142857142857,,500,3.34983402909711,250,1.418209055904299
5,30,30,0.2,dfs,rand,dilate,5,0.0,0.2857142857142857,,0,0.00012409500777721405,0,0.00011935783550143242
5,30,30,0.2,dfs,geodesic,dilate,5,0.0,0.5,,0,0.0005497024394571781,0,0.0005370848812162876
5,30,30,0.2,dfs,cose,dilate,,,,0.0,3,0.01993754133582115,12,0.058458840008825064
5,30,30,0.2,dfs,shap,erode,5,0.5555555555555556,0.6666666666666666,,1000,5.106324706226587,500,0.2604043511673808
5,30,30,0.2,dfs,lime,erode,5,0.2222222222222222,0.6666666666666666,,500,3.34983402909711,250,0.12972681457176805
5,30,30,0.2,dfs,rand,erode,5,-0.2222222222222222,0.25,,0,0.00012409500777721405,0,8.674198761582375e-05
5,30,30,0.2,dfs,geodesic,erode,5,0.6666666666666666,1.0,,0,0.0005497024394571781,0,0.0005375300534069538
5,30,30,0.2,dfs,cose,erode,,,,0.0,3,0.01993754133582115,1,0.0005348557606339455
5,30,30,0.2,dfs,shap,distractors,5,0.5555555555555556,0.6666666666666666,,1000,5.106324706226587,650,3.1335433940403163
5,30,30,0.2,dfs,lime,distractors,5,0.2222222222222222,0.25,,500,3.34983402909711,250,1.6862396309152246
5,30,30,0.2,dfs,rand,distractors,5,0.5,0.6666666666666666,,0,0.00012409500777721405,0,0.0001108669675886631
5,30,30,0.2,dfs,geodesic,distractors,5,0.3333333333333333,0.25,,0,0.0005497024394571781,0,0.0005925721488893032
5,30,30,0.2,dfs,cose,distractors,,,,0.1111111111111111,3,0.01993754133582115,19,0.219068574719131
5,30,30,0.2,theta_star,shap,jitter,5,1.0,1.0,,1000,12.620487025007606,500,6.116080638021231
5,30,30,0.2,theta_star,lime,jitter,5,0.0,0.25,,500,7.797945491038263,250,4.111261502839625
5,30,30,0.2,theta_star,rand,jitter,5,-0.3333333333333333,0.25,,0,0.00012473389506340027,0,0.00012301700189709663
5,30,30,0.2,theta_star,geodesic,jitter,5,0.2222222222222222,0.42857142857142855,,0,0.0005536079406738281,0,0.0005508679896593094
5,30,30,0.2,theta_star,cose,jitter,,,,1.0,3,0.04641470406204462,3,0.04611230082809925
5,30,30,0.2,theta_star,shap,dilate,5,0.0,0.8,,1000,12.620487025007606,250,2.547018697950989
5,30,30,0.2,theta_star,lime,dilate,5,0.6666666666666666,0.2857142857142857,,500,7.797945491038263,250,2.939308120403439
5,30,30,0.2,theta_star,rand,dilate,5,0.3333333333333333,0.5,,0,0.00012473389506340027,0,0.00011021597310900688
5,30,30,0.2,theta_star,geodesic,dilate,5,0.0,0.5,,0,0.0005536079406738281,0,0.0005281101912260056
5,30,30,0.2,theta_star,cose,dilate,,,,0.0,3,0.04641470406204462,12,0.13446541083976626
5,30,30,0.2,theta_star,shap,erode,5,0.5555555555555556,0.6666666666666666,,1000,12.620487025007606,500,1.0418772702105343
5,30,30,0.2,theta_star,lime,erode,5,0.05555555555555555,0.42857142857142855,,500,7.797945491038263,250,0.632987052667886
5,30,30,0.2,theta_star,rand,erode,5,-0.1111111111111111,0.25,,0,0.00012473389506340027,0,0.00010402873158454895
5,30,30,0.2,theta_star,geodesic,erode,5,0.6666666666666666,1.0,,0,0.0005536079406738281,0,0.0005415668711066246
5,30,30,0.2,theta_star,cose,erode,,,,0.0,3,0.04641470406204462,1,0.0032081310637295246
5,30,30,0.2,theta_star,shap,distractors,5,0.5555555555555556,0.6666666666666666,,1000,12.620487025007606,600,6.802675670944154
5,30,30,0.2,theta_star,lime,distractors,5,-0.05555555555555555,0.1111111111111111,,500,7.797945491038263,250,4.017727512866259
5,30,30,0.2,theta_star,rand,distractors,5,0.1111111111111111,0.1111111111111111,,0,0.00012473389506340027,0,0.00011693406850099564
5,30,30,0.2,theta_star,geodesic,distractors,5,0.05555555555555555,0.25,,0,0.0005536079406738281,0,0.0005595609545707703
5,30,30,0.2,theta_star,cose,distractors,,,,0.1111111111111111,3,0.04641470406204462,19,0.6013416801579297
6,30,30,0.2,a_star,shap,jitter,5,1.0,1.0,,1300,1.2519395649433136,500,0.7163451733067632
6,30,30,0.2,a_star,lime,jitter,5,0.3888888888888889,0.42857142857142855,,500,0.5021760500967503,250,0.29378456622362137
6,30,30,0.2,a_star,rand,jitter,5,0.2222222222222222,0.1111111111111111,,0,9.427405893802643e-05,0,8.853990584611893e-05
6,30,30,0.2,a_star,geodesic,jitter,5,0.5555555555555556,0.6666666666666666,,0,0.0005596359260380268,0,0.0005302182398736477
6,30,30,0.2,a_star,cose,jitter,,,,1.0,3,0.012777294032275677,3,0.013165297918021679
6,30,30,0.2,a_star,shap,dilate,5,1.0,1.0,,1300,1.2519395649433136,400,0.6088158870115876
6,30,30,0.2,a_star,lime,dilate,5,0.14285714285714285,0.42857142857142855,,500,0.5021760500967503,250,0.3449825453571975
6,30,30,0.2,a_star,rand,dilate,5,-0.14285714285714285,0.1111111111111111,,0,9.427405893802643e-05,0,8.710473775863647e-05
6,30,30,0.2,a_star,geodesic,dilate,5,0.42857142857142855,0.25,,0,0.0005596359260380268,0,0.0005204770714044571
6,30,30,0.2,a_star,cose,dilate,,,,1.0,3,0.012777294032275677,3,0.01763555919751525
6,30,30,0.2,a_star,shap,erode,5,1.0,1.0,,1300,1.2519395649433136,500,0.8690368118695915
6,30,30,0.2,a_star,lime,erode,5,-0.16666666666666666,0.25,,500,0.5021760500967503,250,0.5167698352597654
6,30,30,0.2,a_star,rand,erode,5,0.2777777777777778,0.1111111111111111,,0,9.427405893802643e-05,0,0.00011745095252990723
6,30,30,0.2,a_star,geodesic,erode,5,0.1111111111111111,0.25,,0,0.0005596359260380268,0,0.0005350341089069843
6,30,30,0.2,a_star,cose,erode,,,,0.0,3,0.012777294032275677,1,0.002251177094876766
6,30,30,0.2,a_star,shap,distractors,5,1.0,1.0,,1300,1.2519395649433136,800,0.9381248061545193
6,30,30,0.2,a_star,lime,distractors,5,0.2727272727272727,0.25,,500,0.5021760500967503,250,0.22145260404795408
6,30,30,0.2,a_star,rand,distractors,5,-0.3333333333333333,0.0,,0,9.427405893802643e-05,0,9.434996172785759e-05
6,30,30,0.2,a_star,geodesic,distractors,5,0.09090909090909091,0.25,,0,0.0005596359260380268,0,0.0005951002240180969
6,30,30,0.2,a_star,cose,distractors,,,,1.0,3,0.012777294032275677,3,0.012839620932936668
6,30,30,0.2,dijkstra,shap,jitter,5,1.0,1.0,,1300,8.591626364272088,650,4.84469025535509
6,30,30,0.2,dijkstra,lime,jitter,5,0.3333333333333333,0.25,,500,1.7334885993041098,250,0.8445304119959474
6,30,30,0.2,dijkstra,rand,jitter,5,-0.09090909090909091,0.25,,0,0.00010667508468031883,0,9.670434519648552e-05
6,30,30,0.2,dijkstra,geodesic,jitter,5,0.7878787878787878,1.0,,0,0.0005681519396603107,0,0.0005713296122848988
6,30,30,0.2,dijkstra,cose,jitter,,,,1.0,3,0.03630231926217675,3,0.036342084873467684
6,30,30,0.2,dijkstra,shap,dilate,5,1.0,1.0,,1300,8.591626364272088,400,2.9383753295987844
6,30,30,0.2,dijkstra,lime,dilate,5,0.14285714285714285,0.6666666666666666,,500,1.7334885993041098,250,0.8731180126778781
6,30,30,0.2,dijkstra,rand,dilate,5,0.047619047619047616,0.42857142857142855,,0,0.00010667508468031883,0,9.779399260878563e-05
6,30,30,0.2,dijkstra,geodesic,dilate,5,0.42857142857142855,0.25,,0,0.0005681519396603107,0,0.0005307663232088089
6,30,30,0.2,dijkstra,cose,dilate,,,,1.0,3,0.03630231926217675,3,0.030631317291408777
6,30,30,0.2,dijkstra,shap,erode,5,1.0,1.0,,1300,8.591626364272088,500,7.121598859783262
6,30,30,0.2,dijkstra,lime,erode,5,-0.2777777777777778,0.42857142857142855,,500,1.7334885993041098,250,3.5468167518265545
6,30,30,0.2,dijkstra,rand,erode,5,0.0,0.42857142857142855,,0,0.00010667508468031883,0,0.00010882411152124405
6,30,30,0.2,dijkstra,geodesic,erode,5,0.1111111111111111,0.25,,0,0.0005681519396603107,0,0.0005505513399839401
6,30,30,0.2,dijkstra,cose,erode,,,,0.0,3,0.03630231926217675,1,0.01401526527479291
6,30,30,0.2,dijkstra,shap,distractors,5,1.0,1.0,,1300,8.591626364272088,800,6.400118671357632
6,30,30,0.2,dijkstra,lime,distractors,5,-0.030303030303030304,0.1111111111111111,,500,1.7334885993041098,250,1.0380601366050541
6,30,30,0.2,dijkstra,rand,distractors,5,-0.24242424242424243,0.1111111111111111,,0,0.00010667508468031883,0,0.00011660903692245483
6,30,30,0.2,dijkstra,geodesic,distractors,5,0.12121212121212122,0.42857142857142855,,0,0.0005681519396603107,0,0.0005932538770139217
6,30,30,0.2,dijkstra,cose,distractors,,,,1.0,3,0.03630231926217675,3,0.036084260791540146
6,30,30,0.2,bfs,shap,jitter,5,1.0,1.0,,1300,7.238754589110613,550,2.6972188679501414
6,30,30,0.2,bfs,lime,jitter,5,0.5555555555555556,0.6666666666666666,,500,1.6853713812306523,250,0.6883313371799886
6,30,30,0.2,bfs,rand,jitter,5,-0.4222222222222222,0.25,,0,0.00010589417070150375,0,9.798305109143257e-05
6,30,30,0.2,bfs,geodesic,jitter,5,0.2,0.42857142857142855,,0,0.0005542952567338943,0,0.0005660168826580048
6,30,30,0.2,bfs,cose,jitter,,,,1.0,3,0.028950789012014866,3,0.028884538915008307
6,30,30,0.2,bfs,shap,dilate,5,1.0,1.0,,1300,7.238754589110613,400,1.9164500068873167
6,30,30,0.2,bfs,lime,dilate,5,0.7142857142857143,0.42857142857142855,,500,1.6853713812306523,250,0.6689222399145365
6,30,30,0.2,bfs,rand,dilate,5,0.14285714285714285,0.42857142857142855,,0,0.00010589417070150375,0,9.456416592001915e-05
6,30,30,0.2,bfs,geodesic,dilate,5,0.42857142857142855,0.25,,0,0.0005542952567338943,0,0.0005342201329767704
6,30,30,0.2,bfs,cose,dilate,,,,1.0,3,0.028950789012014866,3,0.024587133899331093
6,30,30,0.2,bfs,shap,erode,5,1.0,1.0,,1300,7.238754589110613,500,5.606695113237947
6,30,30,0.2,bfs,lime,erode,5,0.1111111111111111,0.42857142857142855,,500,1.6853713812306523,250,2.7880469961091876
6,30,30,0.2,bfs,rand,erode,5,0.05555555555555555,0.42857142857142855,,0,0.00010589417070150375,0,0.00012379512190818787
6,30,30,0.2,bfs,geodesic,erode,5,0.1111111111111111,0.25,,0,0.0005542952567338943,0,0.0005567241460084915
6,30,30,0.2,bfs,cose,erode,,,,0.0,3,0.028950789012014866,1,0.011030490044504404
6,30,30,0.2,bfs,shap,distractors,5,1.0,1.0,,1300,7.238754589110613,750,4.329180620145053
6,30,30,0.2,bfs,lime,distractors,5,0.09090909090909091,0.1111111111111111,,500,1.6853713812306523,250,0.9022762351669371
6,30,30,0.2,bfs,rand,distractors,5,0.06060606060606061,0.42857142857142855,,0,0.00010589417070150375,0,0.00010526878759264946
6,30,30,0.2,bfs,geodesic,distractors,5,0.6363636363636364,0.42857142857142855,,0,0.0005542952567338943,0,0.0005857329815626144
6,30,30,0.2,bfs,cose,distractors,,,,1.0,3,0.028950789012014866,3,0.028857022058218718
6,30,30,0.2,dfs,shap,jitter,5,1.0,1.0,,1300,0.3523174417205155,500,0.32308375369757414
6,30,30,0.2,dfs,lime,jitter,5,0.5,1.0,,500,0.0972586409188807,250,0.17927154805511236
6,30,30,0.2,dfs,rand,jitter,5,-0.05555555555555555,0.42857142857142855,,0,8.548703044652939e-05,0,8.762534707784653e-05
6,30,30,0.2,dfs,geodesic,jitter,5,0.1111111111111111,0.25,,0,0.0005584857426583767,0,0.0005413638427853584
6,30,30,0.2,dfs,cose,jitter,,,,0.0,3,0.0017810850404202938,1,0.0008019418455660343
6,30,30,0.2,dfs,shap,dilate,5,1.0,1.0,,1300,0.3523174417205155,400,0.1179029461927712
6,30,30,0.2,dfs,lime,dilate,5,0.6190476190476191,0.42857142857142855,,500,0.0972586409188807,250,0.05397725012153387
6,30,30,0.2,dfs,rand,dilate,5,0.3333333333333333,0.42857142857142855,,0,8.548703044652939e-05,0,8.386792615056038e-05
6,30,30,0.2,dfs,geodesic,dilate,5,0.42857142857142855,0.25,,0,0.0005584857426583767,0,0.0005272058770060539
6,30,30,0.2,dfs,cose,dilate,,,,1.0,3,0.0017810850404202938,3,0.001966160722076893
6,30,30,0.2,dfs,shap,erode,5,1.0,1.0,,1300,0.3523174417205155,500,0.26308605587109923
6,30,30,0.2,dfs,lime,erode,5,-0.1111111111111111,0.25,,500,0.0972586409188807,250,0.13235532864928246
6,30,30,0.2,dfs,rand,erode,5,0.1111111111111111,0.42857142857142855,,0,8.548703044652939e-05,0,9.408686310052872e-05
6,30,30,0.2,dfs,geodesic,erode,5,0.1111111111111111,0.25,,0,0.0005584857426583767,0,0.0005400506779551506
6,30,30,0.2,dfs,cose,erode,,,,0.0,3,0.0017810850404202938,1,0.0005474002100527287
6,30,30,0.2,dfs,shap,distractors,5,1.0,1.0,,1300,0.3523174417205155,800,0.24083224311470985
6,30,30,0.2,dfs,lime,distractors,5,0.18181818181818182,0.42857142857142855,,500,0.0972586409188807,250,0.04592268308624625
6,30,30,0.2,dfs,rand,distractors,5,-0.09090909090909091,0.1111111111111111,,0,8.548703044652939e-05,0,8.760206401348114e-05
6,30,30,0.2,dfs,geodesic,distractors,5,0.5757575757575758,0.42857142857142855,,0,0.0005584857426583767,0,0.0005720378831028938
6,30,30,0.2,dfs,cose,distractors,,,,1.0,3,0.0017810850404202938,3,0.0017764661461114883
6,30,30,0.2,theta_star,shap,jitter,5,1.0,1.0,,1300,1.3687920640222728,600,1.3111760946922004
6,30,30,0.2,theta_star,lime,jitter,5,-0.12727272727272726,0.42857142857142855,,500,0.45351886935532093,250,0.6163327028043568
6,30,30,0.2,theta_star,rand,jitter,5,0.01818181818181818,0.25,,0,0.00010103080421686172,0,0.00011166185140609741
6,30,30,0.2,theta_star,geodesic,jitter,5,0.9636363636363636,1.0,,0,0.0005536489188671112,0,0.0005599628202617168
6,30,30,0.2,theta_star,cose,jitter,,,,0.0,3,0.010017733089625835,1,0.002415168099105358
6,30,30,0.2,theta_star,shap,dilate,5,1.0,1.0,,1300,1.3687920640222728,400,0.7498683072626591
6,30,30,0.2,theta_star,lime,dilate,5,0.14285714285714285,0.25,,500,0.45351886935532093,250,0.4924840391613543
6,30,30,0.2,theta_star,rand,dilate,5,-0.14285714285714285,0.1111111111111111,,0,0.00010103080421686172,0,8.776364848017693e-05
6,30,30,0.2,theta_star,geodesic,dilate,5,0.42857142857142855,0.25,,0,0.0005536489188671112,0,0.0005425689741969109
6,30,30,0.2,theta_star,cose,dilate,,,,1.0,3,0.010017733089625835,3,0.02232825569808483
6,30,30,0.2,theta_star,shap,erode,5,1.0,1.0,,1300,1.3687920640222728,500,0.8039586669765413
6,30,30,0.2,theta_star,lime,erode,5,-0.16666666666666666,0.1111111111111111,,500,0.45351886935532093,250,0.4195734220556915
6,30,30,0.2,theta_star,rand,erode,5,0.1111111111111111,0.0,,0,0.00010103080421686172,0,9.319605305790901e-05
6,30,30,0.2,theta_star,geodesic,erode,5,0.1111111111111111,0.25,,0,0.0005536489188671112,0,0.0005549890920519829
6,30,30,0.2,theta_star,cose,erode,,,,0.0,3,0.010017733089625835,1,0.0017486130818724632
6,30,30,0.2,theta_star,shap,distractors,5,1.0,1.0,,1300,1.3687920640222728,800,0.7402265802957118
6,30,30,0.2,theta_star,lime,distractors,5,0.6666666666666666,0.6666666666666666,,500,0.45351886935532093,250,0.2497409009374678
6,30,30,0.2,theta_star,rand,distractors,5,0.030303030303030304,0.25,,0,0.00010103080421686172,0,9.132036939263344e-05
6,30,30,0.2,theta_star,geodesic,distractors,5,-0.030303030303030304,0.25,,0,0.0005536489188671112,0,0.0005777641199529171
6,30,30,0.2,theta_star,cose,distractors,,,,1.0,3,0.010017733089625835,3,0.01000033738091588
7,30,30,0.2,a_star,shap,jitter,5,1.0,1.0,,1300,0.9549577492289245,650,1.407396201044321
7,30,30,0.2,a_star,lime,jitter,5,-0.24242424242424243,0.1111111111111111,,500,0.31887838477268815,250,0.6126178759150207
7,30,30,0.2,a_star,rand,jitter,5,-0.21212121212121213,0.1111111111111111,,0,0.00010177586227655411,0,0.00010031415149569511
7,30,30,0.2,a_star,geodesic,jitter,5,0.6060606060606061,0.6666666666666666,,0,0.0005465871654450893,0,0.0005741319619119167
7,30,30,0.2,a_star,cose,jitter,,,,0.0,3,0.007387296762317419,1,0.002658809069544077
7,30,30,0.2,a_star,shap,dilate,5,1.0,1.0,,1300,0.9549577492289245,450,0.42208549566566944
7,30,30,0.2,a_star,lime,dilate,5,0.42857142857142855,0.6666666666666666,,500,0.31887838477268815,250,0.27497461810708046
7,30,30,0.2,a_star,rand,dilate,5,0.14285714285714285,0.25,,0,0.00010177586227655411,0,8.972827345132828e-05
7,30,30,0.2,a_star,geodesic,dilate,5,0.35714285714285715,0.25,,0,0.0005465871654450893,0,0.0005413047038018703
7,30,30,0.2,a_star,cose,dilate,,,,1.0,3,0.007387296762317419,3,0.010813635773956776
7,30,30,0.2,a_star,shap,erode,5,1.0,1.0,,1300,0.9549577492289245,450,0.37942144414409995
7,30,30,0.2,a_star,lime,erode,5,-0.21428571428571427,0.1111111111111111,,500,0.31887838477268815,250,0.2088614022359252
7,30,30,0.2,a_star,rand,erode,5,0.35714285714285715,0.42857142857142855,,0,0.00010177586227655411,0,9.001092985272408e-05
7,30,30,0.2,a_star,geodesic,erode,5,0.21428571428571427,0.42857142857142855,,0,0.0005465871654450893,0,0.0005424469709396362
7,30,30,0.2,a_star,cose,erode,,,,0.0,3,0.007387296762317419,1,0.0008491827175021172
7,30,30,0.2,a_star,shap,distractors,5,1.0,1.0,,1300,0.9549577492289245,750,0.45124228205531836
7,30,30,0.2,a_star,lime,distractors,5,0.21212121212121213,0.25,,500,0.31887838477268815,250,0.16137627605348825
7,30,30,0.2,a_star,rand,distractors,5,0.15151515151515152,0.42857142857142855,,0,0.00010177586227655411,0,8.94283875823021e-05
7,30,30,0.2,a_star,geodesic,distractors,5,0.0,0.1111111111111111,,0,0.0005465871654450893,0,0.0005691829137504101
7,30,30,0.2,a_star,cose,distractors,,,,1.0,3,0.007387296762317419,3,0.007404292933642864
7,30,30,0.2,dijkstra,shap,jitter,5,1.0,1.0,,1300,9.11582846287638,650,8.547018277924508
7,30,30,0.2,dijkstra,lime,jitter,5,0.030303030303030304,0.25,,500,1.967646153178066,250,3.1112474789842963
7,30,30,0.2,dijkstra,rand,jitter,5,-0.09090909090909091,0.1111111111111111,,0,0.00012968387454748154,0,0.00012336857616901398
7,30,30,0.2,dijkstra,geodesic,jitter,5,0.8484848484848485,1.0,,0,0.0005654599517583847,0,0.0005579008720815182
7,30,30,0.2,dijkstra,cose,jitter,,,,0.0,3,0.035816260147839785,1,0.011731971055269241
7,30,30,0.2,dijkstra,shap,dilate,5,1.0,1.0,,1300,9.11582846287638,450,2.9967902237549424
7,30,30,0.2,dijkstra,lime,dilate,5,0.14285714285714285,0.1111111111111111,,500,1.967646153178066,250,0.7851976598612964
7,30,30,0.2,dijkstra,rand,dilate,5,0.07142857142857142,0.42857142857142855,,0,0.00012968387454748154,0,9.579211473464966e-05
7,30,30,0.2,dijkstra,geodesic,dilate,5,0.35714285714285715,0.25,,0,0.0005654599517583847,0,0.000545793678611517
7,30,30,0.2,dijkstra,cose,dilate,,,,1.0,3,0.035816260147839785,3,0.026564149651676416
7,30,30,0.2,dijkstra,shap,erode,5,1.0,1.0,,1300,9.11582846287638,450,6.497178502846509
7,30,30,0.2,dijkstra,lime,erode,5,-0.14285714285714285,0.25,,500,1.967646153178066,250,3.548273858614266
7,30,30,0.2,dijkstra,rand,erode,5,0.0,0.42857142857142855,,0,0.00012968387454748154,0,0.00012274784967303276
7,30,30,0.2,dijkstra,geodesic,erode,5,0.21428571428571427,0.42857142857142855,,0,0.0005654599517583847,0,0.0005349530838429928
7,30,30,0.2,dijkstra,cose,erode,,,,0.0,3,0.035816260147839785,1,0.014166944660246372
7,30,30,0.2,dijkstra,shap,distractors,5,1.0,1.0,,1300,9.11582846287638,750,4.951987915206701
7,30,30,0.2,dijkstra,lime,distractors,5,0.0,0.25,,500,1.967646153178066,250,0.8864715378731489
7,30,30,0.2,dijkstra,rand,distractors,5,-0.2727272727272727,0.1111111111111111,,0,0.00012968387454748154,0,0.00010279007256031036
7,30,30,0.2,dijkstra,geodesic,distractors,5,0.06060606060606061,0.25,,0,0.0005654599517583847,0,0.0005892901681363583
7,30,30,0.2,dijkstra,cose,distractors,,,,1.0,3,0.035816260147839785,3,0.035719860810786486
7,30,30,0.2,bfs,shap,jitter,5,1.0,1.0,,1300,6.492485639639199,650,6.756184034049511
7,30,30,0.2,bfs,lime,jitter,5,0.24242424242424243,0.42857142857142855,,500,1.503250780981034,250,2.503437573555857
7,30,30,0.2,bfs,rand,jitter,5,0.0,0.25,,0,0.0001165103167295456,0,0.00010997988283634186
7,30,30,0.2,bfs,geodesic,jitter,5,0.5151515151515151,0.6666666666666666,,0,0.0005561751313507557,0,0.0005787024274468422
7,30,30,0.2,bfs,cose,jitter,,,,0.0,3,0.02887397911399603,1,0.009418763685971498
7,30,30,0.2,bfs,shap,dilate,5,1.0,1.0,,1300,6.492485639639199,450,2.2682787403464317
7,30,30,0.2,bfs,lime,dilate,5,0.5714285714285714,0.42857142857142855,,500,1.503250780981034,250,0.6629704027436674
7,30,30,0.2,bfs,rand,dilate,5,0.0,0.25,,0,0.0001165103167295456,0,0.00011621881276369095
7,30,30,0.2,bfs,geodesic,dilate,5,0.35714285714285715,0.25,,0,0.0005561751313507557,0,0.0005588340573012829
7,30,30,0.2,bfs,cose,dilate,,,,1.0,3,0.02887397911399603,3,0.021534437779337168
7,30,30,0.2,bfs,shap,erode,5,1.0,1.0,,1300,6.492485639639199,450,5.075381529983133
7,30,30,0.2,bfs,lime,erode,5,0.2857142857142857,0.42857142857142855,,500,1.503250780981034,250,2.810173571575433
7,30,30,0.2,bfs,rand,erode,5,0.21428571428571427,0.25,,0,0.0001165103167295456,0,0.00012135738506913185
7,30,30,0.2,bfs,geodesic,erode,5,0.21428571428571427,0.42857142857142855,,0,0.0005561751313507557,0,0.0005407151766121387
7,30,30,0.2,bfs,cose,erode,,,,0.0,3,0.02887397911399603,1,0.01120842294767499
7,30,30,0.2,bfs,shap,distractors,5,1.0,1.0,,1300,6.492485639639199,800,3.9389205598272383
7,30,30,0.2,bfs,lime,distractors,5,0.3333333333333333,0.6666666666666666,,500,1.503250780981034,250,0.8654141738079488
7,30,30,0.2,bfs,rand,distractors,5,-0.15151515151515152,0.1111111111111111,,0,0.0001165103167295456,0,0.00011346302926540375
7,30,30,0.2,bfs,geodesic,distractors,5,0.3333333333333333,0.42857142857142855,,0,0.0005561751313507557,0,0.0005947640165686607
7,30,30,0.2,bfs,cose,distractors,,,,1.0,3,0.02887397911399603,3,0.028757730964571238
7,30,30,0.2,dfs,shap,jitter,5,1.0,1.0,,1300,0.3782135588116944,600,0.3173771621659398
7,30,30,0.2,dfs,lime,jitter,5,-0.12727272727272726,0.25,,500,0.09763400303199887,250,0.13295859657227993
7,30,30,0.2,dfs,rand,jitter,5,0.16363636363636364,0.42857142857142855,,0,8.595827966928482e-05,0,8.802302181720734e-05
7,30,30,0.2,dfs,geodesic,jitter,5,0.2727272727272727,0.42857142857142855,,0,0.0005462868139147758,0,0.0005425941199064255
7,30,30,0.2,dfs,cose,jitter,,,,0.0,3,0.0018324507400393486,1,0.0005659391172230244
7,30,30,0.2,dfs,shap,dilate,5,1.0,1.0,,1300,0.3782135588116944,450,0.29811185225844383
7,30,30,0.2,dfs,lime,dilate,5,0.5,0.6666666666666666,,500,0.09763400303199887,250,0.20426182309165597
7,30,30,0.2,dfs,rand,dilate,5,0.21428571428571427,0.25,,0,8.595827966928482e-05,0,8.892128244042397e-05
7,30,30,0.2,dfs,geodesic,dilate,5,0.35714285714285715,0.25,,0,0.0005462868139147758,0,0.0005293120630085468
7,30,30,0.2,dfs,cose,dilate,,,,1.0,3,0.0018324507400393486,3,0.009448273107409477
7,30,30,0.2,dfs,shap,erode,5,1.0,1.0,,1300,0.3782135588116944,450,0.22599995136260986
7,30,30,0.2,dfs,lime,erode,5,0.35714285714285715,0.6666666666666666,,500,0.09763400303199887,250,0.12571164593100548
7,30,30,0.2,dfs,rand,erode,5,0.14285714285714285,0.25,,0,8.595827966928482e-05,0,9.337114170193672e-05
7,30,30,0.2,dfs,geodesic,erode,5,0.21428571428571427,0.42857142857142855,,0,0.0005462868139147758,0,0.0005398918874561787
7,30,30,0.2,dfs,cose,erode,,,,0.0,3,0.0018324507400393486,1,0.0005089608021080494
7,30,30,0.2,dfs,shap,distractors,5,1.0,1.0,,1300,0.3782135588116944,700,0.21324889129027724
7,30,30,0.2,dfs,lime,distractors,5,0.36363636363636365,0.25,,500,0.09763400303199887,250,0.049156655091792345
7,30,30,0.2,dfs,rand,distractors,5,0.24242424242424243,0.25,,0,8.595827966928482e-05,0,8.837785571813583e-05
7,30,30,0.2,dfs,geodesic,distractors,5,1.0,1.0,,0,0.0005462868139147758,0,0.0005708360113203526
7,30,30,0.2,dfs,cose,distractors,,,,1.0,3,0.0018324507400393486,3,0.0018639210611581802
7,30,30,0.2,theta_star,shap,jitter,5,1.0,1.0,,1300,1.136950003914535,600,0.46091305697336793
7,30,30,0.2,theta_star,lime,jitter,5,0.38181818181818183,0.42857142857142855,,500,0.3817309602163732,250,0.1528197401203215
7,30,30,0.2,theta_star,rand,jitter,5,-0.2,0.25,,0,9.398534893989563e-05,0,9.07708890736103e-05
7,30,30,0.2,theta_star,geodesic,jitter,5,0.45454545454545453,0.42857142857142855,,0,0.0005500102415680885,0,0.000544531736522913
7,30,30,0.2,theta_star,cose,jitter,,,,1.0,3,0.00849094521254301,3,0.006441081874072552
7,30,30,0.2,theta_star,shap,dilate,5,1.0,1.0,,1300,1.136950003914535,450,0.5609057741239667
7,30,30,0.2,theta_star,lime,dilate,5,-0.07142857142857142,0.25,,500,0.3817309602163732,250,0.3183923587203026
7,30,30,0.2,theta_star,rand,dilate,5,-0.07142857142857142,0.42857142857142855,,0,9.398534893989563e-05,0,9.214412420988083e-05
7,30,30,0.2,theta_star,geodesic,dilate,5,0.35714285714285715,0.25,,0,0.0005500102415680885,0,0.0005337870679795742
7,30,30,0.2,theta_star,cose,dilate,,,,1.0,3,0.00849094521254301,3,0.014627020806074142
7,30,30,0.2,theta_star,shap,erode,5,1.0,1.0,,1300,1.136950003914535,450,0.5376270851120353
7,30,30,0.2,theta_star,lime,erode,5,0.5,0.42857142857142855,,500,0.3817309602163732,250,0.29579647071659565
7,30,30,0.2,theta_star,rand,erode,5,0.35714285714285715,0.42857142857142855,,0,9.398534893989563e-05,0,9.703077375888824e-05
7,30,30,0.2,theta_star,geodesic,erode,5,0.21428571428571427,0.42857142857142855,,0,0.0005500102415680885,0,0.0005256133154034615
7,30,30,0.2,theta_star,cose,erode,,,,0.0,3,0.00849094521254301,1,0.0012197294272482395
7,30,30,0.2,theta_star,shap,distractors,5,1.0,1.0,,1300,1.136950003914535,700,0.6391548248939216
7,30,30,0.2,theta_star,lime,distractors,5,-0.06060606060606061,0.1111111111111111,,500,0.3817309602163732,250,0.17620200803503394
7,30,30,0.2,theta_star,rand,distractors,5,-0.21212121212121213,0.1111111111111111,,0,9.398534893989563e-05,0,8.812174201011658e-05
7,30,30,0.2,theta_star,geodesic,distractors,5,0.696969696969697,0.6666666666666666,,0,0.0005500102415680885,0,0.0005739922635257244
7,30,30,0.2,theta_star,cose,distractors,,,,1.0,3,0.00849094521254301,3,0.008455303031951189
